anal,arse
anus,arse
assfucker,arselick
asses,arses
assfucker,arse
assfukka,arse
asshole,arse
assholes,arses
asswhole,arse
btch,lady
ballsack,nethers
biatch,m'lady
bitch,lady
bitcher,peasant
bitchers,peasants
bitches,peasant
bitchin,yappin
bitching,yappin
blowjob,noblick
blowjobs,pleasure
boner,stiff
butt,rear
butthole,nethers
buttmuch,peasant
buttplug,stopper
cock,pole
cocksucker,polelicker
carpetmuncher,ladylicker
cawk,wood
chink,asian
cipa,lady
clit,bits
clitoris,nethers
clits,parts
cnut,lady
cock,wood
cocksucker,treehugger
cockface,treeface
cockhead,ugly
cockmunch,treemunch
cockmuncher,treemuncher
cocks,woods
cocksuck,treelick
cocksucked,treelicked
cawksucker,treelicker
cocksucking,treelicking
cocksucks,treelicks
cocksuka,treelika
cocksukka,treemunch
cok,yes
cokmuncher,what
coksucka,hey
coon,lady
cum,joy
cummer,messer
cumming,messing
cums,mess
cumshot,bingo
cunilingus,lady lovin
cunillingus,lady lovin
cunnilingus,lady lovin
cunt,lady
cuntlick,ladylick
cuntlicker,ladylicker
cuntlicking,ladylicker
cunts,women
cyberfuc,arcaic
cyberfuck,arcaic
cyberfucked,arcaic
cyberfucker,arcaic
cyberfuckers,arcaic
cyberfucking,arcaic
dck,hey
dick,tree
dickhead,treehead
dildo,tool
dildos,tools
dlck,tree
dogfucker,fluffy
doggin,fluffy
dogging,fluffy
donkeyribber,fluffy
doosh,clean
duche,clean
dyke,lady
ejaculate,explode
ejaculated,explode
ejaculates,explode
ejaculating,explode
ejaculatings,explode
ejaculation,explode
ejakulate,explode
fag,bud
fagging,buddy
faggitt,buddy
faggot,buddy
faggs,buddy
fagot,buddy
fagots,buddy
fags,bud
fannyfucker,friend
fatass,rear
fcuk,foch
fcuker,focher
fcuking,fochin'
fecker,focher
fellate,what
fellatio,woah
fingerfuck,explored
fingerfucked,explored
fingerfucker,exploring
fingerfuckers,explorers
fingerfucking,exploring
fingerfucks,explored
fistfuck,foch
fistfucked,foched
fistfucker,focher
fistfuckers,fochers
fistfucking,fochin'
fistfuckings,fochins'
fistfucks,fochin'
fook,foch
fooker,focher
fuck,foch
fucka,focher
fucked,focher
fucker,focher
fuckers,focher
fuckhead,focher
fuckheads,focher
fuckin,focher
fucking,focher
fuckings,focher
fuckingshitmotherfucker,focher
fuckme,focher
fucks,focher
fuckwhit,focher
fuckwit,focher
fudgepacker,focher
fudgepacker,focher
fuk,yes
fuker,focher
fukker,focher
fukkin,focher
fuks,focher
fukwhit,focher
fukwit,focher
fux,yes
fuxor,focher
gangbang,group
gangbanged,grouped
gangbangs,groups
gaylord,m'lord
gaysex,peachy
goatse,peachy
hardcoresex,strangeness
homo,lord
jackoff,treerub
jap,man
jism,yuck
jiz,wee
jizm,weep
jizz,weep
kawk,tree
knobead,tree
knobed,stump
knobend,tree
knobhead,treehead
knobjocky,tree
knobjokey,tree
kondum,stash
kondums,package
kum,wee
kummer,weeper
kumming,weeping
kums,wept
kunilingus,frothing
labia,latin
lmfao,laughs
masterbate,weeping
masterbation,weep
masturbate,weep
mofo,you
mothafuck,foch
mothafucka,focher
mothafuckas,fochers
mothafuckaz,fochers
mothafucked,foched
mothafucker,focher
mothafuckers,fochers
mothafuckin,fochin'
mothafucking,fochin'
mothafuckings,fochin'
mothafucks,fochs
motherfuck,fochin'
motherfucked,fochin'
motherfucker,fochin'
motherfuckers,fochin'
motherfuckin,fochin'
motherfucking,fochin'
motherfuckings,fochin'
motherfuckka,fochin'
motherfucks,fochin'
mutha,mums
muthafecker,focher
muthafuckker,focher
mutherfucker,focher
ngga,lord
ngger,lord
nazi,lord
nigga,lord
niggah,lord
niggas,lords
niggaz,lords
nigger,friend
niggers,mlord
numbnuts,friend
nutsack,nutbag
orgasim,weep
orgasims,weeps
orgasm,weep
orgasms,weeps
penis,sword
penisfucker,swordfocher
phonesex,telphoni
phuck,foch
phuk,foch
phuked,foched
phuking,fochin'
phukked,foched
phukking,fochin'
phuks,fochs
phuq,foch
pigfucker,pigfocher
pimpis,owner
pissflaps,angels
poop,mess
porn,dove
porno,dove
pornography,dove
pornos,doves
pron,dove
pube,hair
pusse,lady
pussi,lady
pussies,ladys
pussy,lady
pussys,ladys
rectum,rear
retard,moron
rimjaw,stink
rimming,stinkin
schlong,sword
scrote,sack
scrotum,sack
semen,water
shemale,person
shitdick,shite
shited,shat
shitey,shite
shitfuck,shite
shitfull,shite
shithead,shite
shiting,shite
shitings,shite
shits,shite
shitted,shite
shitter,shite
shitters,shite
shitting,shite
shittings,shite
shitty,shite
skank,lady
slut,lady
sluts,ladys
smut,dirt
snatch,bits
spunk,juice
testical,nethers
testicle,nethers
titfuck,foch
tittiefucker,focher
titties,bosoms
tittyfuck,bosom
tittywank,bosom
titwank,bosom
turd,dirt
twat,lady
twathead,lady
twatty,loud
vgra,lady
vagina,nethers
viagra,help
vulva,lady
wang,tree
wank,guy
wanker,friend
wanky,guy
twat,girl
twathead,ladyface
twatty,witty
twunt,girl
